Filename,Moral
raw_raw_206.html,"Without a specific story provided, I can craft a general moral based on common themes found in storytelling: True wisdom comes from understanding our own limitations and the value of humility in our pursuits."
raw_raw_197.html,"To provide an accurate moral, I need the content of a story. Please share a story with me, and I will gladly extract a concise moral lesson from it."
raw_raw_178.html,"To provide an accurate moral lesson, please share the story you'd like to extract the moral from."
raw_raw_181.html,"To give you a moral lesson, I'll need a bit of the story's content. Could you please provide some details or a summary of the story you're referring to?"
raw_raw_154.html,"True wisdom lies in understanding the essence of what is being asked of you, yet, without a story provided, crafting a specific moral becomes an exercise in creativity rather than reflection."
raw_raw_174.html,"Without a specific story provided, I'll offer a general moral that can be derived from a wide array of narratives: True wisdom lies in recognizing our own limitations and learning from the experiences of others."
raw_raw_162.html,"To provide a moral, please share a story or its key elements."
raw_raw_158.html,"To provide a moral, please share the story you have in mind."
raw_raw_159.html,"In the absence of a specific story to analyze, I can offer a general moral lesson that applies widely: True wisdom lies in recognizing what is within our control and acting with integrity, regardless of the situation."
raw_raw_163.html,"Without a specific story provided, I can offer a general moral lesson: True wisdom lies in recognizing what we do not know and seeking to learn, rather than pretending to understand all."
raw_raw_175.html,"To provide a moral, please share the story you'd like me to analyze."
raw_raw_155.html,"To provide a moral for the story, I'll need the story's text or a summary of it. Could you please share the story details?"
raw_raw_180.html,"Without a specific story provided, I'll create a general moral lesson: True wisdom lies in knowing when to act and when to refrain, for the greatest victories are often won through patience and understanding, not haste and force."
raw_raw_196.html,"To provide an appropriate moral, I'll need the story text. Could you please share the story you'd like me to analyze?"
raw_raw_179.html,"To provide a moral, please share a story or its key elements."
raw_raw_207.html,"Since you haven't provided a specific story for me to analyze, I'll offer a general moral that can apply to a wide range of narratives:

True wisdom comes from recognizing our own limitations and learning from the experiences of others."
raw_raw_172.html,"Since there's no specific story provided, I'll create a general moral that could fit many narratives:

""True wisdom comes from understanding our own limitations and learning from the mistakes of others. Pride often leads to downfall, while humility paves the way to genuine success."""
raw_raw_164.html,"Without a specific story provided, I can offer a general moral that often resonates across many narratives: True wisdom lies in recognizing our own limitations and learning from the experiences of others."
raw_raw_148.html,"To provide an appropriate moral, please share the story you'd like me to analyze."
raw_raw_200.html,"Given that no specific story was provided, I'm unable to create a moral derived directly from it. However, if you share a story or the key elements of one, I'd be happy to craft a moral lesson for you."
raw_raw_191.html,"To provide a moral, I need the details of the story. Could you please share the story with me?"
raw_raw_187.html,"Without a specific story provided, I cannot tailor a moral directly to its narrative. However, if you share a story or its essence, I'd be glad to extract a moral lesson for you."
raw_raw_168.html,"To provide an accurate moral lesson, please share a specific story or a summary of the story you have in mind."
raw_raw_152.html,Please provide the story text for me to extract the moral lesson.
raw_raw_153.html,"To provide a moral, please share the story you have in mind."
raw_raw_186.html,"To provide an accurate moral lesson, please share the story or details you'd like the lesson derived from."
raw_raw_169.html,"It seems you've accidentally left the ""{story_text}"" placeholder instead of providing a story for me to analyze. Could you please share the details of the story you have in mind?"
raw_raw_190.html,It seems you've forgotten to provide a story for me to extract a moral lesson from. Could you please share the story you have in mind?
raw_raw_201.html,"To provide a moral, I'll need a story or a context to analyze. Could you please share the story you have in mind?"
raw_raw_149.html,It seems there was a misunderstanding in your request as the specific story you wanted a moral lesson for was not included. Could you please provide the story or details you're referring to?
raw_raw_165.html,"To provide a moral, I'll need the story text. Could you please share the story you have in mind?"
raw_raw_173.html,"To provide a moral, please share the story you have in mind."
raw_raw_166.html,"To provide a moral lesson, I would need a specific story to analyze. Please share a story with me, and I will gladly extract a concise moral lesson from it."
raw_raw_189.html,"Without a specific story provided, I'm unable to craft a moral directly tied to its narrative. However, if you share a story, I can certainly help distill its essence into a concise moral lesson."
raw_raw_170.html,"Without a specific story provided, I cannot derive a moral from it. However, if you share a story with me, I'd be delighted to offer a moral lesson based on its content."
raw_raw_150.html,"Without a specific story provided, I can't craft a custom moral lesson directly related to your story. However, if you share a story with me, I'd be happy to analyze it and offer a moral lesson."
raw_raw_185.html,"To provide a moral lesson, I'll need a specific story or information about the story you're referring to. Could you please share the story or its key details?"
raw_raw_193.html,"Without a specific story provided, I can offer a generic moral based on common themes in storytelling. ""True strength lies not in never falling, but in rising every time we fall. Persistence and resilience are the keys to overcoming adversity."""
raw_raw_202.html,"Without a specific story provided, I can't generate a tailored moral. However, if you share a story or a scenario, I'd be happy to help identify a moral lesson from it."
raw_raw_203.html,"To provide an accurate moral, I'll need the story's text. Could you please share the story with me?"
raw_raw_192.html,"To provide an accurate moral lesson, please share the story or its key details."
raw_raw_184.html,"To provide a specific moral lesson, I'll need the details of the story you're referring to. Could you please share the story or its key elements?"
raw_raw_151.html,"To provide an accurate moral lesson, I need the story text. Could you please share the story with me?"
raw_raw_171.html,"To provide an accurate moral lesson, I'll need the details of the story you have in mind. Could you please share the story or its key elements?"
raw_raw_167.html,"To provide you with a moral, I'll need the text of the story or at least a summary of its events and characters. Could you please share the story details?"
raw_raw_188.html,"To provide an accurate and insightful moral lesson, I'll need the specific story text you're referring to. Could you please share the story with me?"
raw_raw_156.html,"To provide an accurate moral lesson, please share the story you have in mind."
raw_raw_183.html,"To provide an accurate moral lesson, please share the story text."
raw_raw_195.html,"Without a story provided, I'm unable to derive a specific moral. Please share a story for me to analyze."
raw_raw_204.html,"To provide a moral, please share a story or a detailed summary of the events you'd like analyzed."
raw_raw_160.html,"Every story needs a context to derive a moral. Please provide a story or a brief outline, and I'll happily extract the moral lesson for you."
raw_raw_176.html,"To provide an accurate moral lesson, please share the story or its key elements."
raw_raw_199.html,True wisdom lies in recognizing that not every story told is in need of a moral; some tales are simply meant to entertain or provoke thought.
raw_raw_208.html,"Without a specific story provided, I can offer a general moral that often applies broadly: ""True wisdom lies not in knowing everything, but in understanding the value of what we do know."""
raw_raw_209.html,It seems you've forgotten to include the story text for me to analyze. Could you please provide the story you'd like me to extract a moral lesson from?
raw_raw_177.html,"The story text is missing, so I can't provide a specific moral. Could you please provide a story or details for me to analyze?"
raw_raw_198.html,True wisdom and understanding come from recognizing the value of simplicity and the beauty in the ordinary.
raw_raw_161.html,"To provide a moral, please share the story you have in mind."
raw_raw_205.html,"To provide you with a moral lesson, I'll need the story text. Could you please share the story with me?"
raw_raw_194.html,"Without a story provided, I can't derive a specific moral. However, if you share a story or a scenario, I'd be happy to extract the moral lesson for you."
raw_raw_182.html,"Without a specific story provided, I can offer a general moral applicable to many narratives: Wisdom and caution are better allies than haste and arrogance. Trust in one's journey, but remain open to learning from the paths of others."
raw_raw_157.html,"Since the story text is missing, I'll provide a general moral that can often be applied broadly:

Wisdom often comes more from listening than speaking. True understanding is found in the humility of learning, not the pride of knowing."
